{"cameraMode":{"drawMode":0,"name":"Shaded","section":"Shading Mode"},"sceneLighting":true,"audioPlay":false,"sceneViewState":{"showFog":true,"showMaterialUpdate":false,"showSkybox":true,"showFlares":true,"showImageEffects":true,"showParticleSystems":true},"in2DMode":false,"pivot":{"x":2.062653064727783,"y":4.017336845397949,"z":-3.1182775497436525},"rotation":{"x":-0.0014134772354736925,"y":0.9952582716941834,"z":-0.09615036845207215,"w":-0.014630738645792008},"size":8.378695487976075,"orthographic":false}