{"cameraMode":{"drawMode":0,"name":"Shaded","section":"Shading Mode"},"sceneLighting":true,"audioPlay":false,"sceneViewState":{"showFog":true,"showMaterialUpdate":false,"showSkybox":false,"showFlares":false,"showImageEffects":true,"showParticleSystems":true},"in2DMode":false,"pivot":{"x":-13.216094017028809,"y":-3.785019874572754,"z":1.729806661605835},"rotation":{"x":0.05145695060491562,"y":-0.8968930840492249,"z":0.10842965543270111,"w":0.42565014958381655},"size":4.458209037780762,"orthographic":false}