{"cameraMode":{"drawMode":0,"name":"Shaded","section":"Shading Mode"},"sceneLighting":true,"audioPlay":false,"sceneViewState":{"showFog":true,"showMaterialUpdate":false,"showSkybox":false,"showFlares":false,"showImageEffects":true,"showParticleSystems":true},"in2DMode":false,"pivot":{"x":-16.150691986083986,"y":-3.4241018295288088,"z":-2.8207015991210939},"rotation":{"x":-0.0010832676198333502,"y":0.9902973771095276,"z":-0.007734266575425863,"w":-0.1387450098991394},"size":12.84426498413086,"orthographic":false}